class_name,method_name,file_path,start_line,cyclomatic_complexity
CampusRepairApplication,main,backend/src/main/java/com/campusrepair/CampusRepairApplication.java,8,1
ApiResponse,success,backend/src/main/java/com/campusrepair/common/ApiResponse.java,4,1
BusinessException,errorCode,backend/src/main/java/com/campusrepair/common/BusinessException.java,15,1
ErrorCode,code,backend/src/main/java/com/campusrepair/common/ErrorCode.java,19,1
ErrorCode,message,backend/src/main/java/com/campusrepair/common/ErrorCode.java,20,1
GlobalExceptionHandler,handleBusiness,backend/src/main/java/com/campusrepair/common/GlobalExceptionHandler.java,24,1
GlobalExceptionHandler,handleAuth,backend/src/main/java/com/campusrepair/common/GlobalExceptionHandler.java,30,1
GlobalExceptionHandler,handleAccessDenied,backend/src/main/java/com/campusrepair/common/GlobalExceptionHandler.java,36,1
GlobalExceptionHandler,handleAuthorizationService,backend/src/main/java/com/campusrepair/common/GlobalExceptionHandler.java,42,1
GlobalExceptionHandler,handleAuthorizationDenied,backend/src/main/java/com/campusrepair/common/GlobalExceptionHandler.java,48,1
GlobalExceptionHandler,handleValidation,backend/src/main/java/com/campusrepair/common/GlobalExceptionHandler.java,54,2
GlobalExceptionHandler,handleNotFound,backend/src/main/java/com/campusrepair/common/GlobalExceptionHandler.java,63,1
GlobalExceptionHandler,handleConstraintViolation,backend/src/main/java/com/campusrepair/common/GlobalExceptionHandler.java,69,1
GlobalExceptionHandler,handleUnknown,backend/src/main/java/com/campusrepair/common/GlobalExceptionHandler.java,75,1
WebConfig,addCorsMappings,backend/src/main/java/com/campusrepair/config/WebConfig.java,17,1
WebConfig,addResourceHandlers,backend/src/main/java/com/campusrepair/config/WebConfig.java,25,1
AcceptanceController,acceptRepair,backend/src/main/java/com/campusrepair/controller/AcceptanceController.java,41,1
AcceptanceController,requestRework,backend/src/main/java/com/campusrepair/controller/AcceptanceController.java,55,1
AcceptanceController,getAcceptanceHistory,backend/src/main/java/com/campusrepair/controller/AcceptanceController.java,67,1
AcceptanceController,evaluate,backend/src/main/java/com/campusrepair/controller/AcceptanceController.java,76,1
AcceptanceController,getEvaluation,backend/src/main/java/com/campusrepair/controller/AcceptanceController.java,89,1
AcceptanceController,hasAdminAuthority,backend/src/main/java/com/campusrepair/controller/AcceptanceController.java,96,1
DispatchController,listPending,backend/src/main/java/com/campusrepair/controller/DispatchController.java,39,1
DispatchController,auditOrder,backend/src/main/java/com/campusrepair/controller/DispatchController.java,45,1
DispatchController,dispatchOrder,backend/src/main/java/com/campusrepair/controller/DispatchController.java,54,1
DispatchController,listAll,backend/src/main/java/com/campusrepair/controller/DispatchController.java,63,1
DispatchController,getOrderHistory,backend/src/main/java/com/campusrepair/controller/DispatchController.java,69,1
MaintenanceController,listTasks,backend/src/main/java/com/campusrepair/controller/MaintenanceController.java,34,1
MaintenanceController,acceptTask,backend/src/main/java/com/campusrepair/controller/MaintenanceController.java,39,1
MaintenanceController,processTask,backend/src/main/java/com/campusrepair/controller/MaintenanceController.java,45,1
MaintenanceController,continueRepair,backend/src/main/java/com/campusrepair/controller/MaintenanceController.java,53,1
MaintenanceController,getHistory,backend/src/main/java/com/campusrepair/controller/MaintenanceController.java,59,1
QueryStatisticsController,getStatusStats,backend/src/main/java/com/campusrepair/controller/QueryStatisticsController.java,28,1
QueryStatisticsController,getTypeStats,backend/src/main/java/com/campusrepair/controller/QueryStatisticsController.java,33,1
QueryStatisticsController,getPeriodStats,backend/src/main/java/com/campusrepair/controller/QueryStatisticsController.java,38,1
QueryStatisticsController,getAverageRepairDuration,backend/src/main/java/com/campusrepair/controller/QueryStatisticsController.java,46,1
RepairCatalogController,getRepairTypes,backend/src/main/java/com/campusrepair/controller/RepairCatalogController.java,25,1
RepairCatalogController,getRepairLocations,backend/src/main/java/com/campusrepair/controller/RepairCatalogController.java,30,1
RepairOrderController,createOrder,backend/src/main/java/com/campusrepair/controller/RepairOrderController.java,37,1
RepairOrderController,createOrderWithImages,backend/src/main/java/com/campusrepair/controller/RepairOrderController.java,45,2
RepairOrderController,getMyOrders,backend/src/main/java/com/campusrepair/controller/RepairOrderController.java,54,1
RepairOrderController,getProgress,backend/src/main/java/com/campusrepair/controller/RepairOrderController.java,59,1
RepairOrderController,updateOrder,backend/src/main/java/com/campusrepair/controller/RepairOrderController.java,64,1
UserController,login,backend/src/main/java/com/campusrepair/controller/UserController.java,32,1
UserController,listUsers,backend/src/main/java/com/campusrepair/controller/UserController.java,38,1
UserController,updateUserStatus,backend/src/main/java/com/campusrepair/controller/UserController.java,45,1
UserController,assignRole,backend/src/main/java/com/campusrepair/controller/UserController.java,52,1
UserController,getMyRoles,backend/src/main/java/com/campusrepair/controller/UserController.java,58,1
UserController,getUserRoles,backend/src/main/java/com/campusrepair/controller/UserController.java,64,1
AbstractAuditableEntity,touchUpdate,backend/src/main/java/com/campusrepair/domain/AbstractAuditableEntity.java,19,1
AcceptanceRecord,pass,backend/src/main/java/com/campusrepair/domain/AcceptanceRecord.java,23,1
AcceptanceRecord,reject,backend/src/main/java/com/campusrepair/domain/AcceptanceRecord.java,28,3
DispatchRecord,changeStatus,backend/src/main/java/com/campusrepair/domain/DispatchRecord.java,24,3
EvaluationRecord,validateScore,backend/src/main/java/com/campusrepair/domain/EvaluationRecord.java,23,3
OrderStatus,code,backend/src/main/java/com/campusrepair/domain/OrderStatus.java,27,1
OrderStatus,displayName,backend/src/main/java/com/campusrepair/domain/OrderStatus.java,28,1
OrderStatus,fromCode,backend/src/main/java/com/campusrepair/domain/OrderStatus.java,29,1
OrderStatusLog,describeTransition,backend/src/main/java/com/campusrepair/domain/OrderStatusLog.java,24,2
RepairImage,getExtension,backend/src/main/java/com/campusrepair/domain/RepairImage.java,23,3
RepairLocation,enable,backend/src/main/java/com/campusrepair/domain/RepairLocation.java,21,1
RepairLocation,disable,backend/src/main/java/com/campusrepair/domain/RepairLocation.java,22,1
RepairOrder,getCreateTime,backend/src/main/java/com/campusrepair/domain/RepairOrder.java,32,1
RepairOrder,setCreateTime,backend/src/main/java/com/campusrepair/domain/RepairOrder.java,37,1
RepairOrder,touchUpdate,backend/src/main/java/com/campusrepair/domain/RepairOrder.java,42,1
RepairOrder,updateContent,backend/src/main/java/com/campusrepair/domain/RepairOrder.java,47,5
RepairOrder,isOwnedBy,backend/src/main/java/com/campusrepair/domain/RepairOrder.java,59,2
RepairRecord,finish,backend/src/main/java/com/campusrepair/domain/RepairRecord.java,25,1
RepairRecord,recordUnfinished,backend/src/main/java/com/campusrepair/domain/RepairRecord.java,30,1
RepairType,enable,backend/src/main/java/com/campusrepair/domain/RepairType.java,20,1
RepairType,disable,backend/src/main/java/com/campusrepair/domain/RepairType.java,21,1
SysRole,rename,backend/src/main/java/com/campusrepair/domain/SysRole.java,19,3
SysRole,changeRemark,backend/src/main/java/com/campusrepair/domain/SysRole.java,26,2
SysUser,changeStatus,backend/src/main/java/com/campusrepair/domain/SysUser.java,29,4
SysUser,updateProfile,backend/src/main/java/com/campusrepair/domain/SysUser.java,37,4
SysUser,isEnabled,backend/src/main/java/com/campusrepair/domain/SysUser.java,46,1
SysUserRole,matches,backend/src/main/java/com/campusrepair/domain/SysUserRole.java,21,4
AcceptanceRepository,saveAcceptance,backend/src/main/java/com/campusrepair/repository/AcceptanceRepository.java,12,1
AcceptanceRepository,findByOrder,backend/src/main/java/com/campusrepair/repository/AcceptanceRepository.java,13,1
AcceptanceRepository,findLatestByOrder,backend/src/main/java/com/campusrepair/repository/AcceptanceRepository.java,14,1
DispatchRepository,save,backend/src/main/java/com/campusrepair/repository/DispatchRepository.java,12,1
DispatchRepository,findLatestByOrder,backend/src/main/java/com/campusrepair/repository/DispatchRepository.java,13,1
DispatchRepository,findTasksByMaintainer,backend/src/main/java/com/campusrepair/repository/DispatchRepository.java,14,1
DispatchRepository,updateStatus,backend/src/main/java/com/campusrepair/repository/DispatchRepository.java,15,1
EvaluationRepository,saveEvaluation,backend/src/main/java/com/campusrepair/repository/EvaluationRepository.java,12,1
EvaluationRepository,findByOrder,backend/src/main/java/com/campusrepair/repository/EvaluationRepository.java,13,1
EvaluationRepository,existsByOrder,backend/src/main/java/com/campusrepair/repository/EvaluationRepository.java,14,1
MaintenanceRepository,saveRepairRecord,backend/src/main/java/com/campusrepair/repository/MaintenanceRepository.java,12,1
MaintenanceRepository,findByOrder,backend/src/main/java/com/campusrepair/repository/MaintenanceRepository.java,13,1
MaintenanceRepository,findLatestByOrder,backend/src/main/java/com/campusrepair/repository/MaintenanceRepository.java,14,1
MaintenanceRepository,updateRepairRecord,backend/src/main/java/com/campusrepair/repository/MaintenanceRepository.java,15,1
MaintenanceRepository,findCompletedRecords,backend/src/main/java/com/campusrepair/repository/MaintenanceRepository.java,17,1
OrderStatusRepository,appendLog,backend/src/main/java/com/campusrepair/repository/OrderStatusRepository.java,12,1
OrderStatusRepository,findByOrder,backend/src/main/java/com/campusrepair/repository/OrderStatusRepository.java,14,1
OrderStatusRepository,findLatest,backend/src/main/java/com/campusrepair/repository/OrderStatusRepository.java,20,1
RepairImageRepository,save,backend/src/main/java/com/campusrepair/repository/RepairImageRepository.java,12,1
RepairImageRepository,findByOrder,backend/src/main/java/com/campusrepair/repository/RepairImageRepository.java,17,1
RepairImageRepository,deleteByOrder,backend/src/main/java/com/campusrepair/repository/RepairImageRepository.java,23,1
RepairLocationRepository,findById,backend/src/main/java/com/campusrepair/repository/RepairLocationRepository.java,12,1
RepairLocationRepository,findAllEnabled,backend/src/main/java/com/campusrepair/repository/RepairLocationRepository.java,14,1
RepairOrderRepository,insertOrder,backend/src/main/java/com/campusrepair/repository/RepairOrderRepository.java,14,2
RepairOrderRepository,findById,backend/src/main/java/com/campusrepair/repository/RepairOrderRepository.java,20,1
RepairOrderRepository,findByReporter,backend/src/main/java/com/campusrepair/repository/RepairOrderRepository.java,22,1
RepairOrderRepository,updateOrder,backend/src/main/java/com/campusrepair/repository/RepairOrderRepository.java,28,1
RepairOrderRepository,findByFilters,backend/src/main/java/com/campusrepair/repository/RepairOrderRepository.java,33,2
RepairTypeRepository,findById,backend/src/main/java/com/campusrepair/repository/RepairTypeRepository.java,12,1
RepairTypeRepository,findAllEnabled,backend/src/main/java/com/campusrepair/repository/RepairTypeRepository.java,14,1
UserPermissionRepository,findUserByUsername,backend/src/main/java/com/campusrepair/repository/UserPermissionRepository.java,17,1
UserPermissionRepository,findUserById,backend/src/main/java/com/campusrepair/repository/UserPermissionRepository.java,22,1
UserPermissionRepository,findRolesByUserId,backend/src/main/java/com/campusrepair/repository/UserPermissionRepository.java,29,1
UserPermissionRepository,saveUser,backend/src/main/java/com/campusrepair/repository/UserPermissionRepository.java,31,1
UserPermissionRepository,updateStatus,backend/src/main/java/com/campusrepair/repository/UserPermissionRepository.java,36,1
UserPermissionRepository,saveUserRole,backend/src/main/java/com/campusrepair/repository/UserPermissionRepository.java,39,1
UserPermissionRepository,countUserRole,backend/src/main/java/com/campusrepair/repository/UserPermissionRepository.java,42,1
UserPermissionRepository,findRoleById,backend/src/main/java/com/campusrepair/repository/UserPermissionRepository.java,45,1
UserPermissionRepository,findUsers,backend/src/main/java/com/campusrepair/repository/UserPermissionRepository.java,59,1
ApiSecurityExceptionHandler,commence,backend/src/main/java/com/campusrepair/security/ApiSecurityExceptionHandler.java,21,1
ApiSecurityExceptionHandler,handle,backend/src/main/java/com/campusrepair/security/ApiSecurityExceptionHandler.java,27,1
ApiSecurityExceptionHandler,write,backend/src/main/java/com/campusrepair/security/ApiSecurityExceptionHandler.java,32,1
CurrentUser,requireId,backend/src/main/java/com/campusrepair/security/CurrentUser.java,12,6
JwtAuthenticationFilter,doFilterInternal,backend/src/main/java/com/campusrepair/security/JwtAuthenticationFilter.java,28,5
JwtTokenProvider,generateToken,backend/src/main/java/com/campusrepair/security/JwtTokenProvider.java,26,2
JwtTokenProvider,generateToken,backend/src/main/java/com/campusrepair/security/JwtTokenProvider.java,37,1
JwtTokenProvider,validateAndGetSubject,backend/src/main/java/com/campusrepair/security/JwtTokenProvider.java,41,1
JwtTokenProvider,parseUserId,backend/src/main/java/com/campusrepair/security/JwtTokenProvider.java,45,1
JwtTokenProvider,parseRoles,backend/src/main/java/com/campusrepair/security/JwtTokenProvider.java,49,3
JwtTokenProvider,validateToken,backend/src/main/java/com/campusrepair/security/JwtTokenProvider.java,55,2
JwtTokenProvider,parseClaims,backend/src/main/java/com/campusrepair/security/JwtTokenProvider.java,64,1
SecurityConfig,passwordEncoder,backend/src/main/java/com/campusrepair/security/SecurityConfig.java,19,1
SecurityConfig,securityFilterChain,backend/src/main/java/com/campusrepair/security/SecurityConfig.java,24,1
AcceptanceService,acceptRepairResult,backend/src/main/java/com/campusrepair/service/AcceptanceService.java,8,1
AcceptanceService,requestRework,backend/src/main/java/com/campusrepair/service/AcceptanceService.java,9,1
AcceptanceService,getAcceptanceHistory,backend/src/main/java/com/campusrepair/service/AcceptanceService.java,10,1
DispatchService,auditOrder,backend/src/main/java/com/campusrepair/service/DispatchService.java,8,1
DispatchService,dispatchOrder,backend/src/main/java/com/campusrepair/service/DispatchService.java,9,1
DispatchService,listPendingOrders,backend/src/main/java/com/campusrepair/service/DispatchService.java,10,1
EvaluationService,evaluateService,backend/src/main/java/com/campusrepair/service/EvaluationService.java,6,1
EvaluationService,getEvaluation,backend/src/main/java/com/campusrepair/service/EvaluationService.java,7,1
FileStorageService,save,backend/src/main/java/com/campusrepair/service/FileStorageService.java,4,1
FileStorageService,load,backend/src/main/java/com/campusrepair/service/FileStorageService.java,5,1
FileStorageService,delete,backend/src/main/java/com/campusrepair/service/FileStorageService.java,6,1
MaintenanceService,listTasks,backend/src/main/java/com/campusrepair/service/MaintenanceService.java,10,1
MaintenanceService,acceptTask,backend/src/main/java/com/campusrepair/service/MaintenanceService.java,11,1
MaintenanceService,processRepairOrder,backend/src/main/java/com/campusrepair/service/MaintenanceService.java,12,1
MaintenanceService,continueRepair,backend/src/main/java/com/campusrepair/service/MaintenanceService.java,13,1
MaintenanceService,getRepairHistory,backend/src/main/java/com/campusrepair/service/MaintenanceService.java,14,1
OrderStateService,submit,backend/src/main/java/com/campusrepair/service/OrderStateService.java,4,1
OrderStateService,approve,backend/src/main/java/com/campusrepair/service/OrderStateService.java,5,1
OrderStateService,dispatch,backend/src/main/java/com/campusrepair/service/OrderStateService.java,6,1
OrderStateService,startRepair,backend/src/main/java/com/campusrepair/service/OrderStateService.java,7,1
OrderStateService,finishRepair,backend/src/main/java/com/campusrepair/service/OrderStateService.java,8,1
OrderStateService,accept,backend/src/main/java/com/campusrepair/service/OrderStateService.java,9,1
OrderStateService,reject,backend/src/main/java/com/campusrepair/service/OrderStateService.java,10,1
OrderStateService,reopen,backend/src/main/java/com/campusrepair/service/OrderStateService.java,11,1
QueryService,queryOrderProgress,backend/src/main/java/com/campusrepair/service/QueryService.java,8,1
QueryService,queryOrders,backend/src/main/java/com/campusrepair/service/QueryService.java,9,1
RepairCatalogService,listEnabledTypes,backend/src/main/java/com/campusrepair/service/RepairCatalogService.java,9,1
RepairCatalogService,listEnabledLocations,backend/src/main/java/com/campusrepair/service/RepairCatalogService.java,10,1
RepairOrderService,createOrder,backend/src/main/java/com/campusrepair/service/RepairOrderService.java,9,1
RepairOrderService,updateOrder,backend/src/main/java/com/campusrepair/service/RepairOrderService.java,11,1
RepairOrderService,getMyOrders,backend/src/main/java/com/campusrepair/service/RepairOrderService.java,12,1
RepairOrderService,getProgress,backend/src/main/java/com/campusrepair/service/RepairOrderService.java,13,1
StatisticsService,countByStatus,backend/src/main/java/com/campusrepair/service/StatisticsService.java,10,1
StatisticsService,countByType,backend/src/main/java/com/campusrepair/service/StatisticsService.java,11,1
StatisticsService,countByPeriod,backend/src/main/java/com/campusrepair/service/StatisticsService.java,12,1
StatisticsService,averageRepairDuration,backend/src/main/java/com/campusrepair/service/StatisticsService.java,13,1
UserPermissionService,login,backend/src/main/java/com/campusrepair/service/UserPermissionService.java,9,1
UserPermissionService,listUsers,backend/src/main/java/com/campusrepair/service/UserPermissionService.java,10,1
UserPermissionService,updateUserStatus,backend/src/main/java/com/campusrepair/service/UserPermissionService.java,11,1
UserPermissionService,assignRole,backend/src/main/java/com/campusrepair/service/UserPermissionService.java,12,1
UserPermissionService,getUserRoles,backend/src/main/java/com/campusrepair/service/UserPermissionService.java,13,1
AcceptanceServiceImpl,acceptRepairResult,backend/src/main/java/com/campusrepair/service/impl/AcceptanceServiceImpl.java,33,2
AcceptanceServiceImpl,requestRework,backend/src/main/java/com/campusrepair/service/impl/AcceptanceServiceImpl.java,56,1
AcceptanceServiceImpl,getAcceptanceHistory,backend/src/main/java/com/campusrepair/service/impl/AcceptanceServiceImpl.java,61,3
AcceptanceServiceImpl,resolveOrderOwnership,backend/src/main/java/com/campusrepair/service/impl/AcceptanceServiceImpl.java,69,2
AcceptanceServiceImpl,loadOrder,backend/src/main/java/com/campusrepair/service/impl/AcceptanceServiceImpl.java,77,3
AcceptanceServiceImpl,requirePendingAcceptance,backend/src/main/java/com/campusrepair/service/impl/AcceptanceServiceImpl.java,84,2
AcceptanceServiceImpl,ensureReturnReason,backend/src/main/java/com/campusrepair/service/impl/AcceptanceServiceImpl.java,90,3
DispatchServiceImpl,auditOrder,backend/src/main/java/com/campusrepair/service/impl/DispatchServiceImpl.java,49,3
DispatchServiceImpl,dispatchOrder,backend/src/main/java/com/campusrepair/service/impl/DispatchServiceImpl.java,65,2
DispatchServiceImpl,listPendingOrders,backend/src/main/java/com/campusrepair/service/impl/DispatchServiceImpl.java,87,5
DispatchServiceImpl,requireOrder,backend/src/main/java/com/campusrepair/service/impl/DispatchServiceImpl.java,99,3
DispatchServiceImpl,requireAdmin,backend/src/main/java/com/campusrepair/service/impl/DispatchServiceImpl.java,110,2
DispatchServiceImpl,validateMaintainer,backend/src/main/java/com/campusrepair/service/impl/DispatchServiceImpl.java,116,4
DispatchServiceImpl,validateNoActiveDispatch,backend/src/main/java/com/campusrepair/service/impl/DispatchServiceImpl.java,132,3
DispatchServiceImpl,appendLog,backend/src/main/java/com/campusrepair/service/impl/DispatchServiceImpl.java,139,1
DispatchServiceImpl,findPendingByStatus,backend/src/main/java/com/campusrepair/service/impl/DispatchServiceImpl.java,150,2
DispatchServiceImpl,isActiveDispatchStatus,backend/src/main/java/com/campusrepair/service/impl/DispatchServiceImpl.java,155,3
DispatchServiceImpl,normalizeAuditComment,backend/src/main/java/com/campusrepair/service/impl/DispatchServiceImpl.java,160,3
DispatchServiceImpl,normalizeNote,backend/src/main/java/com/campusrepair/service/impl/DispatchServiceImpl.java,165,2
EvaluationServiceImpl,evaluateService,backend/src/main/java/com/campusrepair/service/impl/EvaluationServiceImpl.java,26,4
EvaluationServiceImpl,getEvaluation,backend/src/main/java/com/campusrepair/service/impl/EvaluationServiceImpl.java,44,5
EvaluationServiceImpl,requireOwnedOrder,backend/src/main/java/com/campusrepair/service/impl/EvaluationServiceImpl.java,55,3
EvaluationServiceImpl,requireOrder,backend/src/main/java/com/campusrepair/service/impl/EvaluationServiceImpl.java,63,3
EvaluationServiceImpl,requireCompleted,backend/src/main/java/com/campusrepair/service/impl/EvaluationServiceImpl.java,70,3
EvaluationServiceImpl,validateScore,backend/src/main/java/com/campusrepair/service/impl/EvaluationServiceImpl.java,76,2
MaintenanceServiceImpl,listTasks,backend/src/main/java/com/campusrepair/service/impl/MaintenanceServiceImpl.java,48,11
MaintenanceServiceImpl,acceptTask,backend/src/main/java/com/campusrepair/service/impl/MaintenanceServiceImpl.java,92,5
MaintenanceServiceImpl,processRepairOrder,backend/src/main/java/com/campusrepair/service/impl/MaintenanceServiceImpl.java,107,3
MaintenanceServiceImpl,continueRepair,backend/src/main/java/com/campusrepair/service/impl/MaintenanceServiceImpl.java,128,4
MaintenanceServiceImpl,getRepairHistory,backend/src/main/java/com/campusrepair/service/impl/MaintenanceServiceImpl.java,144,1
MaintenanceServiceImpl,validateAssignment,backend/src/main/java/com/campusrepair/service/impl/MaintenanceServiceImpl.java,149,4
MaintenanceServiceImpl,isActiveAssignmentStatusForFlow,backend/src/main/java/com/campusrepair/service/impl/MaintenanceServiceImpl.java,163,4
MaintenanceServiceImpl,validateRepairState,backend/src/main/java/com/campusrepair/service/impl/MaintenanceServiceImpl.java,170,3
MaintenanceServiceImpl,ensureRecordComplete,backend/src/main/java/com/campusrepair/service/impl/MaintenanceServiceImpl.java,180,8
MaintenanceServiceImpl,normalizeText,backend/src/main/java/com/campusrepair/service/impl/MaintenanceServiceImpl.java,199,2
MaintenanceServiceImpl,resolveNextState,backend/src/main/java/com/campusrepair/service/impl/MaintenanceServiceImpl.java,203,2
MaintenanceServiceImpl,saveResult,backend/src/main/java/com/campusrepair/service/impl/MaintenanceServiceImpl.java,207,4
MaintenanceServiceImpl,handlePersistenceFailure,backend/src/main/java/com/campusrepair/service/impl/MaintenanceServiceImpl.java,229,3
MaintenanceServiceImpl,isCurrentTaskVisible,backend/src/main/java/com/campusrepair/service/impl/MaintenanceServiceImpl.java,239,4
MaintenanceServiceImpl,requireOrder,backend/src/main/java/com/campusrepair/service/impl/MaintenanceServiceImpl.java,249,3
MaintenanceServiceImpl,requireUserId,backend/src/main/java/com/campusrepair/service/impl/MaintenanceServiceImpl.java,260,2
MaintenanceServiceImpl,requireCurrentState,backend/src/main/java/com/campusrepair/service/impl/MaintenanceServiceImpl.java,266,2
OrderStateServiceImpl,submit,backend/src/main/java/com/campusrepair/service/impl/OrderStateServiceImpl.java,30,4
OrderStateServiceImpl,approve,backend/src/main/java/com/campusrepair/service/impl/OrderStateServiceImpl.java,48,1
OrderStateServiceImpl,dispatch,backend/src/main/java/com/campusrepair/service/impl/OrderStateServiceImpl.java,54,1
OrderStateServiceImpl,startRepair,backend/src/main/java/com/campusrepair/service/impl/OrderStateServiceImpl.java,62,1
OrderStateServiceImpl,finishRepair,backend/src/main/java/com/campusrepair/service/impl/OrderStateServiceImpl.java,69,1
OrderStateServiceImpl,accept,backend/src/main/java/com/campusrepair/service/impl/OrderStateServiceImpl.java,76,1
OrderStateServiceImpl,reject,backend/src/main/java/com/campusrepair/service/impl/OrderStateServiceImpl.java,83,3
OrderStateServiceImpl,reopen,backend/src/main/java/com/campusrepair/service/impl/OrderStateServiceImpl.java,93,1
OrderStateServiceImpl,transition,backend/src/main/java/com/campusrepair/service/impl/OrderStateServiceImpl.java,98,1
OrderStateServiceImpl,requireCurrent,backend/src/main/java/com/campusrepair/service/impl/OrderStateServiceImpl.java,107,3
OrderStateServiceImpl,requireOrder,backend/src/main/java/com/campusrepair/service/impl/OrderStateServiceImpl.java,115,3
OrderStateServiceImpl,appendLog,backend/src/main/java/com/campusrepair/service/impl/OrderStateServiceImpl.java,122,2
QueryServiceImpl,queryOrderProgress,backend/src/main/java/com/campusrepair/service/impl/QueryServiceImpl.java,22,1
QueryServiceImpl,queryOrders,backend/src/main/java/com/campusrepair/service/impl/QueryServiceImpl.java,29,4
QueryServiceImpl,requireOrder,backend/src/main/java/com/campusrepair/service/impl/QueryServiceImpl.java,38,3
QueryServiceImpl,checkQueryPermission,backend/src/main/java/com/campusrepair/service/impl/QueryServiceImpl.java,45,3
QueryServiceImpl,normalizeStatus,backend/src/main/java/com/campusrepair/service/impl/QueryServiceImpl.java,51,6
RepairCatalogServiceImpl,listEnabledTypes,backend/src/main/java/com/campusrepair/service/impl/RepairCatalogServiceImpl.java,24,1
RepairCatalogServiceImpl,listEnabledLocations,backend/src/main/java/com/campusrepair/service/impl/RepairCatalogServiceImpl.java,29,1
RepairOrderServiceImpl,createOrder,backend/src/main/java/com/campusrepair/service/impl/RepairOrderServiceImpl.java,55,5
RepairOrderServiceImpl,updateOrder,backend/src/main/java/com/campusrepair/service/impl/RepairOrderServiceImpl.java,89,2
RepairOrderServiceImpl,getMyOrders,backend/src/main/java/com/campusrepair/service/impl/RepairOrderServiceImpl.java,101,1
RepairOrderServiceImpl,getProgress,backend/src/main/java/com/campusrepair/service/impl/RepairOrderServiceImpl.java,107,1
RepairOrderServiceImpl,validateCreate,backend/src/main/java/com/campusrepair/service/impl/RepairOrderServiceImpl.java,111,7
RepairOrderServiceImpl,saveImages,backend/src/main/java/com/campusrepair/service/impl/RepairOrderServiceImpl.java,125,6
RepairOrderServiceImpl,cleanupFiles,backend/src/main/java/com/campusrepair/service/impl/RepairOrderServiceImpl.java,147,3
RepairOrderServiceImpl,requireOwnedOrder,backend/src/main/java/com/campusrepair/service/impl/RepairOrderServiceImpl.java,157,4
RepairOrderServiceImpl,requireUserId,backend/src/main/java/com/campusrepair/service/impl/RepairOrderServiceImpl.java,166,2
RepairOrderServiceImpl,normalizeText,backend/src/main/java/com/campusrepair/service/impl/RepairOrderServiceImpl.java,170,4
StatisticsServiceImpl,countByStatus,backend/src/main/java/com/campusrepair/service/impl/StatisticsServiceImpl.java,43,6
StatisticsServiceImpl,countByType,backend/src/main/java/com/campusrepair/service/impl/StatisticsServiceImpl.java,62,1
StatisticsServiceImpl,countByPeriod,backend/src/main/java/com/campusrepair/service/impl/StatisticsServiceImpl.java,79,4
StatisticsServiceImpl,averageRepairDuration,backend/src/main/java/com/campusrepair/service/impl/StatisticsServiceImpl.java,91,7
UserPermissionServiceImpl,login,backend/src/main/java/com/campusrepair/service/impl/UserPermissionServiceImpl.java,32,9
UserPermissionServiceImpl,listUsers,backend/src/main/java/com/campusrepair/service/impl/UserPermissionServiceImpl.java,49,5
UserPermissionServiceImpl,updateUserStatus,backend/src/main/java/com/campusrepair/service/impl/UserPermissionServiceImpl.java,58,2
UserPermissionServiceImpl,assignRole,backend/src/main/java/com/campusrepair/service/impl/UserPermissionServiceImpl.java,68,4
UserPermissionServiceImpl,getUserRoles,backend/src/main/java/com/campusrepair/service/impl/UserPermissionServiceImpl.java,82,1
UserPermissionServiceImpl,requireUser,backend/src/main/java/com/campusrepair/service/impl/UserPermissionServiceImpl.java,87,3
LocalFileStorageServiceImpl,save,backend/src/main/java/com/campusrepair/storage/LocalFileStorageServiceImpl.java,27,3
LocalFileStorageServiceImpl,load,backend/src/main/java/com/campusrepair/storage/LocalFileStorageServiceImpl.java,45,2
LocalFileStorageServiceImpl,delete,backend/src/main/java/com/campusrepair/storage/LocalFileStorageServiceImpl.java,55,2
LocalFileStorageServiceImpl,validateFile,backend/src/main/java/com/campusrepair/storage/LocalFileStorageServiceImpl.java,63,10
LocalFileStorageServiceImpl,resolveStoredPath,backend/src/main/java/com/campusrepair/storage/LocalFileStorageServiceImpl.java,76,5
LocalFileStorageServiceImpl,extensionOf,backend/src/main/java/com/campusrepair/storage/LocalFileStorageServiceImpl.java,88,2
